,Edit Distance,DTW,DT,RF,LR,$1
Edit Distance,,0.0015634219127347137,0.07543287154863158,0.25702068256587396,0.7411191761016844,4.408299173812181e-06
DTW,0.0015634219127347137,,0.0005193291252906461,0.3242881678012889,0.03347362978645472,0.0008567271717212613
DT,0.07543287154863158,0.0005193291252906461,,2.479646678559227e-06,0.05264692641462184,3.0978387443712e-10
RF,0.25702068256587396,0.3242881678012889,2.479646678559227e-06,,0.015811113995054464,9.396222968926988e-07
LR,0.7411191761016844,0.03347362978645472,0.05264692641462184,0.015811113995054464,,5.1704916454927054e-08
$1,4.408299173812181e-06,0.0008567271717212613,3.0978387443712e-10,9.396222968926988e-07,5.1704916454927054e-08,
