,Edit Distance,DTW,DT,RF,LR,$1
Edit Distance,,0.3787800230579945,0.35034257770132116,0.32267950929929523,0.6195148966318249,0.4401754422557679
DTW,0.3787800230579945,,0.03330265541064055,0.9261075394208579,0.5263743667473921,0.05991855321572626
DT,0.35034257770132116,0.03330265541064055,,0.0004280992920740898,0.06804915497613612,0.8153239449917218
RF,0.32267950929929523,0.9261075394208579,0.0004280992920740898,,0.7438776764427966,0.17507650351879567
LR,0.6195148966318249,0.5263743667473921,0.06804915497613612,0.7438776764427966,,0.17862035834356393
$1,0.4401754422557679,0.05991855321572626,0.8153239449917218,0.17507650351879567,0.17862035834356393,
